sku,description,category,type,size,thread,length,material,finish,grade,uom,pack_size,lang
BRG-6000-2RS,Deep Groove Ball Bearing 6000-2RS,bearing,Deep Groove Ball Bearing,6000,,,Bearing Steel,Chrome,,Ea,1,en
BRG-6000-2Z,Deep Groove Ball Bearing 6000-2Z,bearing,Deep Groove Ball Bearing,6000,,,Bearing Steel,Chrome,,Ea,1,en
BRG-6000-ZZ,Deep Groove Ball Bearing 6000-ZZ,bearing,Deep Groove Ball Bearing,6000,,,Bearing Steel,Chrome,,Ea,1,en
BRG-6001-2RS,Deep Groove Ball Bearing 6001-2RS,bearing,Deep Groove Ball Bearing,6001,,,Bearing Steel,Chrome,,Ea,1,en
BRG-6001-2Z,Deep Groove Ball Bearing 6001-2Z,bearing,Deep Groove Ball Bearing,6001,,,Bearing Steel,Chrome,,Ea,1,en
BRG-6001-ZZ,Deep Groove Ball Bearing 6001-ZZ,bearing,Deep Groove Ball Bearing,6001,,,Bearing Steel,Chrome,,Ea,1,en
BRG-6002-2RS,Deep Groove Ball Bearing 6002-2RS,bearing,Deep Groove Ball Bearing,6002,,,Bearing Steel,Chrome,,Ea,1,en
BRG-6002-2Z,Deep Groove Ball Bearing 6002-2Z,bearing,Deep Groove Ball Bearing,6002,,,Bearing Steel,Chrome,,Ea,1,en
BRG-6002-ZZ,Deep Groove Ball Bearing 6002-ZZ,bearing,Deep Groove Ball Bearing,6002,,,Bearing Steel,Chrome,,Ea,1,en
BRG-6003-2RS,Deep Groove Ball Bearing 6003-2RS,bearing,Deep Groove Ball Bearing,6003,,,Bearing Steel,Chrome,,Ea,1,en
BRG-6003-2Z,Deep Groove Ball Bearing 6003-2Z,bearing,Deep Groove Ball Bearing,6003,,,Bearing Steel,Chrome,,Ea,1,en
BRG-6003-ZZ,Deep Groove Ball Bearing 6003-ZZ,bearing,Deep Groove Ball Bearing,6003,,,Bearing Steel,Chrome,,Ea,1,en
BRG-6004-2RS,Deep Groove Ball Bearing 6004-2RS,bearing,Deep Groove Ball Bearing,6004,,,Bearing Steel,Chrome,,Ea,1,en
BRG-6004-2Z,Deep Groove Ball Bearing 6004-2Z,bearing,Deep Groove Ball Bearing,6004,,,Bearing Steel,Chrome,,Ea,1,en
BRG-6004-ZZ,Deep Groove Ball Bearing 6004-ZZ,bearing,Deep Groove Ball Bearing,6004,,,Bearing Steel,Chrome,,Ea,1,en
BRG-6005-2RS,Deep Groove Ball Bearing 6005-2RS,bearing,Deep Groove Ball Bearing,6005,,,Bearing Steel,Chrome,,Ea,1,en
BRG-6005-2Z,Deep Groove Ball Bearing 6005-2Z,bearing,Deep Groove Ball Bearing,6005,,,Bearing Steel,Chrome,,Ea,1,en
BRG-6005-ZZ,Deep Groove Ball Bearing 6005-ZZ,bearing,Deep Groove Ball Bearing,6005,,,Bearing Steel,Chrome,,Ea,1,en
BRG-6006-2RS,Deep Groove Ball Bearing 6006-2RS,bearing,Deep Groove Ball Bearing,6006,,,Bearing Steel,Chrome,,Ea,1,en
BRG-6006-2Z,Deep Groove Ball Bearing 6006-2Z,bearing,Deep Groove Ball Bearing,6006,,,Bearing Steel,Chrome,,Ea,1,en
BRG-6006-ZZ,Deep Groove Ball Bearing 6006-ZZ,bearing,Deep Groove Ball Bearing,6006,,,Bearing Steel,Chrome,,Ea,1,en
BRG-6200-2RS,Deep Groove Ball Bearing 6200-2RS,bearing,Deep Groove Ball Bearing,6200,,,Bearing Steel,Chrome,,Ea,1,en
BRG-6200-2Z,Deep Groove Ball Bearing 6200-2Z,bearing,Deep Groove Ball Bearing,6200,,,Bearing Steel,Chrome,,Ea,1,en
BRG-6200-ZZ,Deep Groove Ball Bearing 6200-ZZ,bearing,Deep Groove Ball Bearing,6200,,,Bearing Steel,Chrome,,Ea,1,en
BRG-6201-2RS,Deep Groove Ball Bearing 6201-2RS,bearing,Deep Groove Ball Bearing,6201,,,Bearing Steel,Chrome,,Ea,1,en
BRG-6201-2Z,Deep Groove Ball Bearing 6201-2Z,bearing,Deep Groove Ball Bearing,6201,,,Bearing Steel,Chrome,,Ea,1,en
BRG-6201-ZZ,Deep Groove Ball Bearing 6201-ZZ,bearing,Deep Groove Ball Bearing,6201,,,Bearing Steel,Chrome,,Ea,1,en
BRG-6202-2Z,Deep Groove Ball Bearing 6202-2Z,bearing,Deep Groove Ball Bearing,6202,,,Bearing Steel,Chrome,,Ea,1,en
BRG-6202-ZZ,Deep Groove Ball Bearing 6202-ZZ,bearing,Deep Groove Ball Bearing,6202,,,Bearing Steel,Chrome,,Ea,1,en
BRG-6203-2RS,Deep Groove Ball Bearing 6203-2RS,bearing,Deep Groove Ball Bearing,6203,,,Bearing Steel,Chrome,,Ea,1,en
BRG-6203-2Z,Deep Groove Ball Bearing 6203-2Z,bearing,Deep Groove Ball Bearing,6203,,,Bearing Steel,Chrome,,Ea,1,en
BRG-6203-ZZ,Deep Groove Ball Bearing 6203-ZZ,bearing,Deep Groove Ball Bearing,6203,,,Bearing Steel,Chrome,,Ea,1,en
BRG-6204-2RS,Deep Groove Ball Bearing 6204-2RS,bearing,Deep Groove Ball Bearing,6204,,,Bearing Steel,Chrome,,Ea,1,en
BRG-6204-2Z,Deep Groove Ball Bearing 6204-2Z,bearing,Deep Groove Ball Bearing,6204,,,Bearing Steel,Chrome,,Ea,1,en
BRG-6204-ZZ,Deep Groove Ball Bearing 6204-ZZ,bearing,Deep Groove Ball Bearing,6204,,,Bearing Steel,Chrome,,Ea,1,en
BRG-6205-2RS,Deep Groove Ball Bearing 6205-2RS,bearing,Deep Groove Ball Bearing,6205,,,Bearing Steel,Chrome,,Ea,1,en
BRG-6205-2Z,Deep Groove Ball Bearing 6205-2Z,bearing,Deep Groove Ball Bearing,6205,,,Bearing Steel,Chrome,,Ea,1,en
BRG-6205-ZZ,Deep Groove Ball Bearing 6205-ZZ,bearing,Deep Groove Ball Bearing,6205,,,Bearing Steel,Chrome,,Ea,1,en
BRG-6206-2RS,Deep Groove Ball Bearing 6206-2RS,bearing,Deep Groove Ball Bearing,6206,,,Bearing Steel,Chrome,,Ea,1,en
BRG-6206-2Z,Deep Groove Ball Bearing 6206-2Z,bearing,Deep Groove Ball Bearing,6206,,,Bearing Steel,Chrome,,Ea,1,en
BRG-6206-ZZ,Deep Groove Ball Bearing 6206-ZZ,bearing,Deep Groove Ball Bearing,6206,,,Bearing Steel,Chrome,,Ea,1,en
BRG-6300-2RS,Deep Groove Ball Bearing 6300-2RS,bearing,Deep Groove Ball Bearing,6300,,,Bearing Steel,Chrome,,Ea,1,en
BRG-6300-2Z,Deep Groove Ball Bearing 6300-2Z,bearing,Deep Groove Ball Bearing,6300,,,Bearing Steel,Chrome,,Ea,1,en
BRG-6300-ZZ,Deep Groove Ball Bearing 6300-ZZ,bearing,Deep Groove Ball Bearing,6300,,,Bearing Steel,Chrome,,Ea,1,en
BRG-6301-2RS,Deep Groove Ball Bearing 6301-2RS,bearing,Deep Groove Ball Bearing,6301,,,Bearing Steel,Chrome,,Ea,1,en
BRG-6301-2Z,Deep Groove Ball Bearing 6301-2Z,bearing,Deep Groove Ball Bearing,6301,,,Bearing Steel,Chrome,,Ea,1,en
BRG-6301-ZZ,Deep Groove Ball Bearing 6301-ZZ,bearing,Deep Groove Ball Bearing,6301,,,Bearing Steel,Chrome,,Ea,1,en
BRG-6302-2RS,Deep Groove Ball Bearing 6302-2RS,bearing,Deep Groove Ball Bearing,6302,,,Bearing Steel,Chrome,,Ea,1,en
BRG-6302-2Z,Deep Groove Ball Bearing 6302-2Z,bearing,Deep Groove Ball Bearing,6302,,,Bearing Steel,Chrome,,Ea,1,en
BRG-6302-ZZ,Deep Groove Ball Bearing 6302-ZZ,bearing,Deep Groove Ball Bearing,6302,,,Bearing Steel,Chrome,,Ea,1,en
BRG-6303-2RS,Deep Groove Ball Bearing 6303-2RS,bearing,Deep Groove Ball Bearing,6303,,,Bearing Steel,Chrome,,Ea,1,en
BRG-6303-2Z,Deep Groove Ball Bearing 6303-2Z,bearing,Deep Groove Ball Bearing,6303,,,Bearing Steel,Chrome,,Ea,1,en
BRG-6303-ZZ,Deep Groove Ball Bearing 6303-ZZ,bearing,Deep Groove Ball Bearing,6303,,,Bearing Steel,Chrome,,Ea,1,en
BRG-6304-2RS,Deep Groove Ball Bearing 6304-2RS,bearing,Deep Groove Ball Bearing,6304,,,Bearing Steel,Chrome,,Ea,1,en
BRG-6304-2Z,Deep Groove Ball Bearing 6304-2Z,bearing,Deep Groove Ball Bearing,6304,,,Bearing Steel,Chrome,,Ea,1,en
BRG-6304-ZZ,Deep Groove Ball Bearing 6304-ZZ,bearing,Deep Groove Ball Bearing,6304,,,Bearing Steel,Chrome,,Ea,1,en
BRG-6800-2RS,Deep Groove Ball Bearing 6800-2RS,bearing,Deep Groove Ball Bearing,6800,,,Bearing Steel,Chrome,,Ea,1,en
BRG-6800-2Z,Deep Groove Ball Bearing 6800-2Z,bearing,Deep Groove Ball Bearing,6800,,,Bearing Steel,Chrome,,Ea,1,en
BRG-6800-ZZ,Deep Groove Ball Bearing 6800-ZZ,bearing,Deep Groove Ball Bearing,6800,,,Bearing Steel,Chrome,,Ea,1,en
BRG-6801-2RS,Deep Groove Ball Bearing 6801-2RS,bearing,Deep Groove Ball Bearing,6801,,,Bearing Steel,Chrome,,Ea,1,en
BRG-6801-2Z,Deep Groove Ball Bearing 6801-2Z,bearing,Deep Groove Ball Bearing,6801,,,Bearing Steel,Chrome,,Ea,1,en
BRG-6801-ZZ,Deep Groove Ball Bearing 6801-ZZ,bearing,Deep Groove Ball Bearing,6801,,,Bearing Steel,Chrome,,Ea,1,en
BV-112-Brass,Ball Valve 1-1/2 Brass 2-Way Full Port,valve,Ball Valve,1-1/2,,,Brass,,,Ea,1,en
BV-114-Stainless Steel,Ball Valve 1-1/4 Stainless Steel 2-Way Full Port,valve,Ball Valve,1-1/4,,,Stainless Steel,,,Ea,1,en
BV-12-Stainless Steel,Ball Valve 1/2 Stainless Steel 2-Way Full Port,valve,Ball Valve,1/2,,,Stainless Steel,,,Ea,1,en
BV-14-Stainless Steel,Ball Valve 1/4 Stainless Steel 2-Way Full Port,valve,Ball Valve,1/4,,,Stainless Steel,,,Ea,1,en
BV-18-Brass,Ball Valve 1/8 Brass 2-Way Full Port,valve,Ball Valve,1/8,,,Brass,,,Ea,1,en
BV-18-Stainless Steel,Ball Valve 1/8 Stainless Steel 2-Way Full Port,valve,Ball Valve,1/8,,,Stainless Steel,,,Ea,1,en
BV-34-Brass,Ball Valve 3/4 Brass 2-Way Full Port,valve,Ball Valve,3/4,,,Brass,,,Ea,1,en
BV-34-Stainless Steel,Ball Valve 3/4 Stainless Steel 2-Way Full Port,valve,Ball Valve,3/4,,,Stainless Steel,,,Ea,1,en
FT-Coupling-1-Brass-50,"Brass Coupling 1"" Sch 40",fitting,Coupling,1,,,Brass,,Sch 40,Carton,50,en
FT-Coupling-1-Carbon Steel-50,"Carbon Steel Coupling 1"" Sch 40",fitting,Coupling,1,,,Carbon Steel,,Sch 40,Carton,50,en
FT-Coupling-112-Carbon Steel-1,"Carbon Steel Coupling 1-1/2"" Sch 40",fitting,Coupling,1-1/2,,,Carbon Steel,,Sch 40,Ea,1,en
FT-Coupling-112-PVC-50,"PVC Coupling 1-1/2"" Sch 40",fitting,Coupling,1-1/2,,,PVC,,Sch 40,Carton,50,en
FT-Coupling-12-Brass-1,"Brass Coupling 1/2"" Sch 40",fitting,Coupling,1/2,,,Brass,,Sch 40,Ea,1,en
FT-Coupling-12-PVC-50,"PVC Coupling 1/2"" Sch 40",fitting,Coupling,1/2,,,PVC,,Sch 40,Carton,50,en
FT-Coupling-14-PVC-10,"PVC Coupling 1/4"" Sch 40",fitting,Coupling,1/4,,,PVC,,Sch 40,Box,10,en
FT-Coupling-2-Brass-1,"Brass Coupling 2"" Sch 40",fitting,Coupling,2,,,Brass,,Sch 40,Ea,1,en
FT-Coupling-2-Brass-50,"Brass Coupling 2"" Sch 40",fitting,Coupling,2,,,Brass,,Sch 40,Carton,50,en
FT-Coupling-2-PVC-10,"PVC Coupling 2"" Sch 40",fitting,Coupling,2,,,PVC,,Sch 40,Box,10,en
FT-Coupling-2-Stainless Steel-1,"Stainless Steel Coupling 2"" Sch 40",fitting,Coupling,2,,,Stainless Steel,,Sch 40,Ea,1,en
FT-Coupling-34-Brass-1,"Brass Coupling 3/4"" Sch 40",fitting,Coupling,3/4,,,Brass,,Sch 40,Ea,1,en
FT-Coupling-34-PVC-10,"PVC Coupling 3/4"" Sch 40",fitting,Coupling,3/4,,,PVC,,Sch 40,Box,10,en
FT-Coupling-34-PVC-50,"PVC Coupling 3/4"" Sch 40",fitting,Coupling,3/4,,,PVC,,Sch 40,Carton,50,en
FT-Elbow 90-1-PVC-50,"PVC Elbow 90 1"" Sch 40",fitting,Elbow 90,1,,,PVC,,Sch 40,Carton,50,en
FT-Elbow 90-1-Stainless Steel-10,"Stainless Steel Elbow 90 1"" Sch 40",fitting,Elbow 90,1,,,Stainless Steel,,Sch 40,Box,10,en
FT-Elbow 90-112-PVC-10,"PVC Elbow 90 1-1/2"" Sch 40",fitting,Elbow 90,1-1/2,,,PVC,,Sch 40,Box,10,en
FT-Elbow 90-112-Stainless Steel-1,"Stainless Steel Elbow 90 1-1/2"" Sch 40",fitting,Elbow 90,1-1/2,,,Stainless Steel,,Sch 40,Ea,1,en
FT-Elbow 90-112-Stainless Steel-50,"Stainless Steel Elbow 90 1-1/2"" Sch 40",fitting,Elbow 90,1-1/2,,,Stainless Steel,,Sch 40,Carton,50,en
FT-Elbow 90-12-Carbon Steel-1,"Carbon Steel Elbow 90 1/2"" Sch 40",fitting,Elbow 90,1/2,,,Carbon Steel,,Sch 40,Ea,1,en
FT-Elbow 90-12-Carbon Steel-10,"Carbon Steel Elbow 90 1/2"" Sch 40",fitting,Elbow 90,1/2,,,Carbon Steel,,Sch 40,Box,10,en
FT-Elbow 90-12-PVC-10,"PVC Elbow 90 1/2"" Sch 40",fitting,Elbow 90,1/2,,,PVC,,Sch 40,Box,10,en
FT-Elbow 90-14-Carbon Steel-50,"Carbon Steel Elbow 90 1/4"" Sch 40",fitting,Elbow 90,1/4,,,Carbon Steel,,Sch 40,Carton,50,en
FT-Elbow 90-14-PVC-10,"PVC Elbow 90 1/4"" Sch 40",fitting,Elbow 90,1/4,,,PVC,,Sch 40,Box,10,en
FT-Elbow 90-2-Brass-1,"Brass Elbow 90 2"" Sch 40",fitting,Elbow 90,2,,,Brass,,Sch 40,Ea,1,en
FT-Elbow 90-2-Brass-50,"Brass Elbow 90 2"" Sch 40",fitting,Elbow 90,2,,,Brass,,Sch 40,Carton,50,en
FT-Elbow 90-2-Carbon Steel-10,"Carbon Steel Elbow 90 2"" Sch 40",fitting,Elbow 90,2,,,Carbon Steel,,Sch 40,Box,10,en
FT-Elbow 90-34-PVC-1,"PVC Elbow 90 3/4"" Sch 40",fitting,Elbow 90,3/4,,,PVC,,Sch 40,Ea,1,en
FT-Elbow 90-38-Carbon Steel-50,"Carbon Steel Elbow 90 3/8"" Sch 40",fitting,Elbow 90,3/8,,,Carbon Steel,,Sch 40,Carton,50,en
FT-Elbow 90-38-PVC-50,"PVC Elbow 90 3/8"" Sch 40",fitting,Elbow 90,3/8,,,PVC,,Sch 40,Carton,50,en
FT-Elbow 90-38-Stainless Steel-1,"Stainless Steel Elbow 90 3/8"" Sch 40",fitting,Elbow 90,3/8,,,Stainless Steel,,Sch 40,Ea,1,en
FT-Elbow 90-38-Stainless Steel-50,"Stainless Steel Elbow 90 3/8"" Sch 40",fitting,Elbow 90,3/8,,,Stainless Steel,,Sch 40,Carton,50,en
FT-Reducer-1-Brass-50,"Brass Reducer 1"" Sch 40",fitting,Reducer,1,,,Brass,,Sch 40,Carton,50,en
FT-Reducer-1-Carbon Steel-50,"Carbon Steel Reducer 1"" Sch 40",fitting,Reducer,1,,,Carbon Steel,,Sch 40,Carton,50,en
FT-Reducer-1-Stainless Steel-10,"Stainless Steel Reducer 1"" Sch 40",fitting,Reducer,1,,,Stainless Steel,,Sch 40,Box,10,en
FT-Reducer-112-Carbon Steel-1,"Carbon Steel Reducer 1-1/2"" Sch 40",fitting,Reducer,1-1/2,,,Carbon Steel,,Sch 40,Ea,1,en
FT-Reducer-112-Stainless Steel-1,"Stainless Steel Reducer 1-1/2"" Sch 40",fitting,Reducer,1-1/2,,,Stainless Steel,,Sch 40,Ea,1,en
FT-Reducer-114-Brass-50,"Brass Reducer 1-1/4"" Sch 40",fitting,Reducer,1-1/4,,,Brass,,Sch 40,Carton,50,en
FT-Reducer-114-PVC-10,"PVC Reducer 1-1/4"" Sch 40",fitting,Reducer,1-1/4,,,PVC,,Sch 40,Box,10,en
FT-Reducer-114-Stainless Steel-50,"Stainless Steel Reducer 1-1/4"" Sch 40",fitting,Reducer,1-1/4,,,Stainless Steel,,Sch 40,Carton,50,en
FT-Reducer-12-PVC-10,"PVC Reducer 1/2"" Sch 40",fitting,Reducer,1/2,,,PVC,,Sch 40,Box,10,en
FT-Reducer-14-PVC-50,"PVC Reducer 1/4"" Sch 40",fitting,Reducer,1/4,,,PVC,,Sch 40,Carton,50,en
FT-Reducer-34-Brass-50,"Brass Reducer 3/4"" Sch 40",fitting,Reducer,3/4,,,Brass,,Sch 40,Carton,50,en
FT-Reducer-38-Brass-1,"Brass Reducer 3/8"" Sch 40",fitting,Reducer,3/8,,,Brass,,Sch 40,Ea,1,en
FT-Reducer-38-Stainless Steel-1,"Stainless Steel Reducer 3/8"" Sch 40",fitting,Reducer,3/8,,,Stainless Steel,,Sch 40,Ea,1,en
FT-Reducer-38-Stainless Steel-50,"Stainless Steel Reducer 3/8"" Sch 40",fitting,Reducer,3/8,,,Stainless Steel,,Sch 40,Carton,50,en
FT-Tee-1-Brass-1,"Brass Tee 1"" Sch 40",fitting,Tee,1,,,Brass,,Sch 40,Ea,1,en
FT-Tee-1-PVC-1,"PVC Tee 1"" Sch 40",fitting,Tee,1,,,PVC,,Sch 40,Ea,1,en
FT-Tee-112-Brass-1,"Brass Tee 1-1/2"" Sch 40",fitting,Tee,1-1/2,,,Brass,,Sch 40,Ea,1,en
FT-Tee-112-Brass-10,"Brass Tee 1-1/2"" Sch 40",fitting,Tee,1-1/2,,,Brass,,Sch 40,Box,10,en
FT-Tee-114-Carbon Steel-50,"Carbon Steel Tee 1-1/4"" Sch 40",fitting,Tee,1-1/4,,,Carbon Steel,,Sch 40,Carton,50,en
FT-Tee-114-Stainless Steel-50,"Stainless Steel Tee 1-1/4"" Sch 40",fitting,Tee,1-1/4,,,Stainless Steel,,Sch 40,Carton,50,en
FT-Tee-12-Carbon Steel-1,"Carbon Steel Tee 1/2"" Sch 40",fitting,Tee,1/2,,,Carbon Steel,,Sch 40,Ea,1,en
FT-Tee-12-Stainless Steel-1,"Stainless Steel Tee 1/2"" Sch 40",fitting,Tee,1/2,,,Stainless Steel,,Sch 40,Ea,1,en
FT-Tee-14-Brass-1,"Brass Tee 1/4"" Sch 40",fitting,Tee,1/4,,,Brass,,Sch 40,Ea,1,en
FT-Tee-14-Carbon Steel-10,"Carbon Steel Tee 1/4"" Sch 40",fitting,Tee,1/4,,,Carbon Steel,,Sch 40,Box,10,en
FT-Tee-14-Carbon Steel-50,"Carbon Steel Tee 1/4"" Sch 40",fitting,Tee,1/4,,,Carbon Steel,,Sch 40,Carton,50,en
FT-Tee-2-Stainless Steel-1,"Stainless Steel Tee 2"" Sch 40",fitting,Tee,2,,,Stainless Steel,,Sch 40,Ea,1,en
FT-Tee-34-Carbon Steel-1,"Carbon Steel Tee 3/4"" Sch 40",fitting,Tee,3/4,,,Carbon Steel,,Sch 40,Ea,1,en
FT-Tee-34-PVC-1,"PVC Tee 3/4"" Sch 40",fitting,Tee,3/4,,,PVC,,Sch 40,Ea,1,en
FT-Tee-34-Stainless Steel-10,"Stainless Steel Tee 3/4"" Sch 40",fitting,Tee,3/4,,,Stainless Steel,,Sch 40,Box,10,en
FT-Tee-38-Carbon Steel-10,"Carbon Steel Tee 3/8"" Sch 40",fitting,Tee,3/8,,,Carbon Steel,,Sch 40,Box,10,en
GV-1-Brass-125,Globe Valve 1 Brass 125# Flanged,valve,Globe Valve,1,,,Brass,,125#,Ea,1,en
GV-1-Brass-300,Globe Valve 1 Brass 300# Flanged,valve,Globe Valve,1,,,Brass,,300#,Ea,1,en
GV-1-Carbon Steel-125,Globe Valve 1 Carbon Steel 125# Flanged,valve,Globe Valve,1,,,Carbon Steel,,125#,Ea,1,en
GV-1-Stainless Steel-125,Globe Valve 1 Stainless Steel 125# Flanged,valve,Globe Valve,1,,,Stainless Steel,,125#,Ea,1,en
GV-1-Stainless Steel-300,Globe Valve 1 Stainless Steel 300# Flanged,valve,Globe Valve,1,,,Stainless Steel,,300#,Ea,1,en
GV-112-Brass-150,Globe Valve 1-1/2 Brass 150# Flanged,valve,Globe Valve,1-1/2,,,Brass,,150#,Ea,1,en
GV-112-Brass-300,Globe Valve 1-1/2 Brass 300# Flanged,valve,Globe Valve,1-1/2,,,Brass,,300#,Ea,1,en
GV-112-Bronze-300,Globe Valve 1-1/2 Bronze 300# Flanged,valve,Globe Valve,1-1/2,,,Bronze,,300#,Ea,1,en
GV-112-Carbon Steel-150,Globe Valve 1-1/2 Carbon Steel 150# Flanged,valve,Globe Valve,1-1/2,,,Carbon Steel,,150#,Ea,1,en
GV-112-Carbon Steel-200,Globe Valve 1-1/2 Carbon Steel 200# Flanged,valve,Globe Valve,1-1/2,,,Carbon Steel,,200#,Ea,1,en
GV-112-Stainless Steel-300,Globe Valve 1-1/2 Stainless Steel 300# Flanged,valve,Globe Valve,1-1/2,,,Stainless Steel,,300#,Ea,1,en
GV-114-Brass-125,Globe Valve 1-1/4 Brass 125# Flanged,valve,Globe Valve,1-1/4,,,Brass,,125#,Ea,1,en
GV-114-Brass-200,Globe Valve 1-1/4 Brass 200# Flanged,valve,Globe Valve,1-1/4,,,Brass,,200#,Ea,1,en
GV-114-Bronze-125,Globe Valve 1-1/4 Bronze 125# Flanged,valve,Globe Valve,1-1/4,,,Bronze,,125#,Ea,1,en
GV-114-Bronze-150,Globe Valve 1-1/4 Bronze 150# Flanged,valve,Globe Valve,1-1/4,,,Bronze,,150#,Ea,1,en
GV-114-Bronze-200,Globe Valve 1-1/4 Bronze 200# Flanged,valve,Globe Valve,1-1/4,,,Bronze,,200#,Ea,1,en
GV-114-Carbon Steel-125,Globe Valve 1-1/4 Carbon Steel 125# Flanged,valve,Globe Valve,1-1/4,,,Carbon Steel,,125#,Ea,1,en
GV-114-Carbon Steel-200,Globe Valve 1-1/4 Carbon Steel 200# Flanged,valve,Globe Valve,1-1/4,,,Carbon Steel,,200#,Ea,1,en
GV-114-Stainless Steel-125,Globe Valve 1-1/4 Stainless Steel 125# Flanged,valve,Globe Valve,1-1/4,,,Stainless Steel,,125#,Ea,1,en
GV-114-Stainless Steel-150,Globe Valve 1-1/4 Stainless Steel 150# Flanged,valve,Globe Valve,1-1/4,,,Stainless Steel,,150#,Ea,1,en
GV-114-Stainless Steel-200,Globe Valve 1-1/4 Stainless Steel 200# Flanged,valve,Globe Valve,1-1/4,,,Stainless Steel,,200#,Ea,1,en
GV-12-Brass-150,Globe Valve 1/2 Brass 150# Flanged,valve,Globe Valve,1/2,,,Brass,,150#,Ea,1,en
GV-12-Brass-200,Globe Valve 1/2 Brass 200# Flanged,valve,Globe Valve,1/2,,,Brass,,200#,Ea,1,en
GV-12-Bronze-125,Globe Valve 1/2 Bronze 125# Flanged,valve,Globe Valve,1/2,,,Bronze,,125#,Ea,1,en
GV-12-Carbon Steel-200,Globe Valve 1/2 Carbon Steel 200# Flanged,valve,Globe Valve,1/2,,,Carbon Steel,,200#,Ea,1,en
GV-12-Stainless Steel-200,Globe Valve 1/2 Stainless Steel 200# Flanged,valve,Globe Valve,1/2,,,Stainless Steel,,200#,Ea,1,en
GV-14-Brass-125,Globe Valve 1/4 Brass 125# Flanged,valve,Globe Valve,1/4,,,Brass,,125#,Ea,1,en
GV-14-Carbon Steel-200,Globe Valve 1/4 Carbon Steel 200# Flanged,valve,Globe Valve,1/4,,,Carbon Steel,,200#,Ea,1,en
GV-14-Stainless Steel-150,Globe Valve 1/4 Stainless Steel 150# Flanged,valve,Globe Valve,1/4,,,Stainless Steel,,150#,Ea,1,en
GV-14-Stainless Steel-200,Globe Valve 1/4 Stainless Steel 200# Flanged,valve,Globe Valve,1/4,,,Stainless Steel,,200#,Ea,1,en
GV-18-Brass-300,Globe Valve 1/8 Brass 300# Flanged,valve,Globe Valve,1/8,,,Brass,,300#,Ea,1,en
GV-18-Bronze-150,Globe Valve 1/8 Bronze 150# Flanged,valve,Globe Valve,1/8,,,Bronze,,150#,Ea,1,en
GV-18-Bronze-200,Globe Valve 1/8 Bronze 200# Flanged,valve,Globe Valve,1/8,,,Bronze,,200#,Ea,1,en
GV-18-Carbon Steel-150,Globe Valve 1/8 Carbon Steel 150# Flanged,valve,Globe Valve,1/8,,,Carbon Steel,,150#,Ea,1,en
GV-18-Carbon Steel-300,Globe Valve 1/8 Carbon Steel 300# Flanged,valve,Globe Valve,1/8,,,Carbon Steel,,300#,Ea,1,en
GV-18-Stainless Steel-125,Globe Valve 1/8 Stainless Steel 125# Flanged,valve,Globe Valve,1/8,,,Stainless Steel,,125#,Ea,1,en
GV-18-Stainless Steel-150,Globe Valve 1/8 Stainless Steel 150# Flanged,valve,Globe Valve,1/8,,,Stainless Steel,,150#,Ea,1,en
GV-18-Stainless Steel-200,Globe Valve 1/8 Stainless Steel 200# Flanged,valve,Globe Valve,1/8,,,Stainless Steel,,200#,Ea,1,en
GV-2-Brass-150,Globe Valve 2 Brass 150# Flanged,valve,Globe Valve,2,,,Brass,,150#,Ea,1,en
GV-2-Bronze-125,Globe Valve 2 Bronze 125# Flanged,valve,Globe Valve,2,,,Bronze,,125#,Ea,1,en
GV-2-Bronze-300,Globe Valve 2 Bronze 300# Flanged,valve,Globe Valve,2,,,Bronze,,300#,Ea,1,en
GV-2-Carbon Steel-125,Globe Valve 2 Carbon Steel 125# Flanged,valve,Globe Valve,2,,,Carbon Steel,,125#,Ea,1,en
GV-34-Brass-125,Globe Valve 3/4 Brass 125# Flanged,valve,Globe Valve,3/4,,,Brass,,125#,Ea,1,en
GV-34-Brass-150,Globe Valve 3/4 Brass 150# Flanged,valve,Globe Valve,3/4,,,Brass,,150#,Ea,1,en
GV-34-Brass-300,Globe Valve 3/4 Brass 300# Flanged,valve,Globe Valve,3/4,,,Brass,,300#,Ea,1,en
GV-34-Bronze-150,Globe Valve 3/4 Bronze 150# Flanged,valve,Globe Valve,3/4,,,Bronze,,150#,Ea,1,en
GV-34-Bronze-200,Globe Valve 3/4 Bronze 200# Flanged,valve,Globe Valve,3/4,,,Bronze,,200#,Ea,1,en
GV-34-Carbon Steel-300,Globe Valve 3/4 Carbon Steel 300# Flanged,valve,Globe Valve,3/4,,,Carbon Steel,,300#,Ea,1,en
GV-34-Stainless Steel-300,Globe Valve 3/4 Stainless Steel 300# Flanged,valve,Globe Valve,3/4,,,Stainless Steel,,300#,Ea,1,en
GV-38-Brass-300,Globe Valve 3/8 Brass 300# Flanged,valve,Globe Valve,3/8,,,Brass,,300#,Ea,1,en
GV-38-Bronze-125,Globe Valve 3/8 Bronze 125# Flanged,valve,Globe Valve,3/8,,,Bronze,,125#,Ea,1,en
GV-38-Bronze-300,Globe Valve 3/8 Bronze 300# Flanged,valve,Globe Valve,3/8,,,Bronze,,300#,Ea,1,en
GV-38-Carbon Steel-125,Globe Valve 3/8 Carbon Steel 125# Flanged,valve,Globe Valve,3/8,,,Carbon Steel,,125#,Ea,1,en
GV-38-Stainless Steel-125,Globe Valve 3/8 Stainless Steel 125# Flanged,valve,Globe Valve,3/8,,,Stainless Steel,,125#,Ea,1,en
HB-12-13-05-Grade 8-Zinc Yellow,"Hex Bolt 1/2-13 x 0.5"" Grade 8 Zinc Yellow Hex Head",fastener,Hex Bolt,1/2,1/2-13,0.5,Steel,Zinc Yellow,Grade 8,Ea,1,en
HB-12-13-125-Grade 5-Zinc,"Hex Bolt 1/2-13 x 1.25"" Grade 5 Zinc Hex Head",fastener,Hex Bolt,1/2,1/2-13,1.25,Steel,Zinc,Grade 5,Ea,1,en
HB-12-13-15-Grade 5-Zinc,"Hex Bolt 1/2-13 x 1.5"" Grade 5 Zinc Hex Head",fastener,Hex Bolt,1/2,1/2-13,1.5,Steel,Zinc,Grade 5,Ea,1,en
HB-12-13-15-Grade 5-Zinc Yellow,"Hex Bolt 1/2-13 x 1.5"" Grade 5 Zinc Yellow Hex Head",fastener,Hex Bolt,1/2,1/2-13,1.5,Steel,Zinc Yellow,Grade 5,Ea,1,en
HB-12-13-2-Grade 5-Zinc,"Hex Bolt 1/2-13 x 2"" Grade 5 Zinc Hex Head",fastener,Hex Bolt,1/2,1/2-13,2,Steel,Zinc,Grade 5,Ea,1,en
HB-12-13-2-Grade 5-Zinc Yellow,"Hex Bolt 1/2-13 x 2"" Grade 5 Zinc Yellow Hex Head",fastener,Hex Bolt,1/2,1/2-13,2,Steel,Zinc Yellow,Grade 5,Ea,1,en
HB-12-13-3-Grade 5-Zinc,"Hex Bolt 1/2-13 x 3"" Grade 5 Zinc Hex Head",fastener,Hex Bolt,1/2,1/2-13,3,Steel,Zinc,Grade 5,Ea,1,en
HB-12-13-3-Grade 5-Zinc Yellow,"Hex Bolt 1/2-13 x 3"" Grade 5 Zinc Yellow Hex Head",fastener,Hex Bolt,1/2,1/2-13,3,Steel,Zinc Yellow,Grade 5,Ea,1,en
HB-12-20-075-Grade 8-Plain,"Hex Bolt 1/2-20 x 0.75"" Grade 8 Plain Hex Head",fastener,Hex Bolt,1/2,1/2-20,0.75,Steel,Plain,Grade 8,Ea,1,en
HB-12-20-15-Grade 5-Zinc,"Hex Bolt 1/2-20 x 1.5"" Grade 5 Zinc Hex Head",fastener,Hex Bolt,1/2,1/2-20,1.5,Steel,Zinc,Grade 5,Ea,1,en
HB-12-20-15-Grade 5-Zinc Yellow,"Hex Bolt 1/2-20 x 1.5"" Grade 5 Zinc Yellow Hex Head",fastener,Hex Bolt,1/2,1/2-20,1.5,Steel,Zinc Yellow,Grade 5,Ea,1,en
HB-12-20-2-Grade 5-Zinc,"Hex Bolt 1/2-20 x 2"" Grade 5 Zinc Hex Head",fastener,Hex Bolt,1/2,1/2-20,2,Steel,Zinc,Grade 5,Ea,1,en
HB-12-20-2-Grade 5-Zinc Yellow,"Hex Bolt 1/2-20 x 2"" Grade 5 Zinc Yellow Hex Head",fastener,Hex Bolt,1/2,1/2-20,2,Steel,Zinc Yellow,Grade 5,Ea,1,en
HB-12-20-2-Grade 8-Plain,"Hex Bolt 1/2-20 x 2"" Grade 8 Plain Hex Head",fastener,Hex Bolt,1/2,1/2-20,2,Steel,Plain,Grade 8,Ea,1,en
HB-12-20-2-Grade 8-Zinc Yellow,"Hex Bolt 1/2-20 x 2"" Grade 8 Zinc Yellow Hex Head",fastener,Hex Bolt,1/2,1/2-20,2,Steel,Zinc Yellow,Grade 8,Ea,1,en
HB-12-20-3-Grade 5-Zinc,"Hex Bolt 1/2-20 x 3"" Grade 5 Zinc Hex Head",fastener,Hex Bolt,1/2,1/2-20,3,Steel,Zinc,Grade 5,Ea,1,en
HB-12-20-3-Grade 5-Zinc Yellow,"Hex Bolt 1/2-20 x 3"" Grade 5 Zinc Yellow Hex Head",fastener,Hex Bolt,1/2,1/2-20,3,Steel,Zinc Yellow,Grade 5,Ea,1,en
HB-12-20-4-Grade 5-Zinc Yellow,"Hex Bolt 1/2-20 x 4"" Grade 5 Zinc Yellow Hex Head",fastener,Hex Bolt,1/2,1/2-20,4,Steel,Zinc Yellow,Grade 5,Ea,1,en
HB-12-20-4-Grade 8-Plain,"Hex Bolt 1/2-20 x 4"" Grade 8 Plain Hex Head",fastener,Hex Bolt,1/2,1/2-20,4,Steel,Plain,Grade 8,Ea,1,en
HB-14-20-05-Grade 8-Plain,"Hex Bolt 1/4-20 x 0.5"" Grade 8 Plain Hex Head",fastener,Hex Bolt,1/4,1/4-20,0.5,Steel,Plain,Grade 8,Ea,1,en
HB-14-20-075-Grade 5-Plain,"Hex Bolt 1/4-20 x 0.75"" Grade 5 Plain Hex Head",fastener,Hex Bolt,1/4,1/4-20,0.75,Steel,Plain,Grade 5,Ea,1,en
HB-14-20-075-Grade 5-Zinc Yellow,"Hex Bolt 1/4-20 x 0.75"" Grade 5 Zinc Yellow Hex Head",fastener,Hex Bolt,1/4,1/4-20,0.75,Steel,Zinc Yellow,Grade 5,Ea,1,en
HB-14-20-15-Grade 5-Zinc,"Hex Bolt 1/4-20 x 1.5"" Grade 5 Zinc Hex Head",fastener,Hex Bolt,1/4,1/4-20,1.5,Steel,Zinc,Grade 5,Ea,1,en
HB-14-20-15-Grade 5-Zinc Yellow,"Hex Bolt 1/4-20 x 1.5"" Grade 5 Zinc Yellow Hex Head",fastener,Hex Bolt,1/4,1/4-20,1.5,Steel,Zinc Yellow,Grade 5,Ea,1,en
HB-14-20-2-Grade 8-Plain,"Hex Bolt 1/4-20 x 2"" Grade 8 Plain Hex Head",fastener,Hex Bolt,1/4,1/4-20,2,Steel,Plain,Grade 8,Ea,1,en
HB-14-28-075-Grade 8-Zinc Yellow,"Hex Bolt 1/4-28 x 0.75"" Grade 8 Zinc Yellow Hex Head",fastener,Hex Bolt,1/4,1/4-28,0.75,Steel,Zinc Yellow,Grade 8,Ea,1,en
HB-14-28-125-Grade 8-Plain,"Hex Bolt 1/4-28 x 1.25"" Grade 8 Plain Hex Head",fastener,Hex Bolt,1/4,1/4-28,1.25,Steel,Plain,Grade 8,Ea,1,en
HB-34-10-25-Grade 5-Zinc,"Hex Bolt 3/4-10 x 2.5"" Grade 5 Zinc Hex Head",fastener,Hex Bolt,3/4,3/4-10,2.5,Steel,Zinc,Grade 5,Ea,1,en
HB-34-10-35-Grade 5-Plain,"Hex Bolt 3/4-10 x 3.5"" Grade 5 Plain Hex Head",fastener,Hex Bolt,3/4,3/4-10,3.5,Steel,Plain,Grade 5,Ea,1,en
HB-34-10-4-Grade 5-Zinc Yellow,"Hex Bolt 3/4-10 x 4"" Grade 5 Zinc Yellow Hex Head",fastener,Hex Bolt,3/4,3/4-10,4,Steel,Zinc Yellow,Grade 5,Ea,1,en
HB-38-16-05-Grade 8-Zinc Yellow,"Hex Bolt 3/8-16 x 0.5"" Grade 8 Zinc Yellow Hex Head",fastener,Hex Bolt,3/8,3/8-16,0.5,Steel,Zinc Yellow,Grade 8,Ea,1,en
HB-38-16-075-Grade 8-Zinc,"Hex Bolt 3/8-16 x 0.75"" Grade 8 Zinc Hex Head",fastener,Hex Bolt,3/8,3/8-16,0.75,Steel,Zinc,Grade 8,Ea,1,en
HB-38-16-15-Grade 5-Plain,"Hex Bolt 3/8-16 x 1.5"" Grade 5 Plain Hex Head",fastener,Hex Bolt,3/8,3/8-16,1.5,Steel,Plain,Grade 5,Ea,1,en
HB-38-16-15-Grade 5-Zinc,"Hex Bolt 3/8-16 x 1.5"" Grade 5 Zinc Hex Head",fastener,Hex Bolt,3/8,3/8-16,1.5,Steel,Zinc,Grade 5,Ea,1,en
HB-38-16-15-Grade 5-Zinc Yellow,"Hex Bolt 3/8-16 x 1.5"" Grade 5 Zinc Yellow Hex Head",fastener,Hex Bolt,3/8,3/8-16,1.5,Steel,Zinc Yellow,Grade 5,Ea,1,en
HB-38-16-2-Grade 5-Zinc,"Hex Bolt 3/8-16 x 2"" Grade 5 Zinc Hex Head",fastener,Hex Bolt,3/8,3/8-16,2,Steel,Zinc,Grade 5,Ea,1,en
HB-38-16-2-Grade 5-Zinc Yellow,"Hex Bolt 3/8-16 x 2"" Grade 5 Zinc Yellow Hex Head",fastener,Hex Bolt,3/8,3/8-16,2,Steel,Zinc Yellow,Grade 5,Ea,1,en
HB-38-16-2-Grade 8-Zinc,"Hex Bolt 3/8-16 x 2"" Grade 8 Zinc Hex Head",fastener,Hex Bolt,3/8,3/8-16,2,Steel,Zinc,Grade 8,Ea,1,en
HB-38-16-25-Grade 8-Zinc Yellow,"Hex Bolt 3/8-16 x 2.5"" Grade 8 Zinc Yellow Hex Head",fastener,Hex Bolt,3/8,3/8-16,2.5,Steel,Zinc Yellow,Grade 8,Ea,1,en
HB-38-16-3-Grade 5-Zinc,"Hex Bolt 3/8-16 x 3"" Grade 5 Zinc Hex Head",fastener,Hex Bolt,3/8,3/8-16,3,Steel,Zinc,Grade 5,Ea,1,en
HB-38-16-3-Grade 5-Zinc Yellow,"Hex Bolt 3/8-16 x 3"" Grade 5 Zinc Yellow Hex Head",fastener,Hex Bolt,3/8,3/8-16,3,Steel,Zinc Yellow,Grade 5,Ea,1,en
HB-38-24-1-Grade 8-Zinc Yellow,"Hex Bolt 3/8-24 x 1"" Grade 8 Zinc Yellow Hex Head",fastener,Hex Bolt,3/8,3/8-24,1,Steel,Zinc Yellow,Grade 8,Ea,1,en
HB-38-24-15-Grade 5-Plain,"Hex Bolt 3/8-24 x 1.5"" Grade 5 Plain Hex Head",fastener,Hex Bolt,3/8,3/8-24,1.5,Steel,Plain,Grade 5,Ea,1,en
HB-38-24-15-Grade 5-Zinc,"Hex Bolt 3/8-24 x 1.5"" Grade 5 Zinc Hex Head",fastener,Hex Bolt,3/8,3/8-24,1.5,Steel,Zinc,Grade 5,Ea,1,en
HB-38-24-15-Grade 5-Zinc Yellow,"Hex Bolt 3/8-24 x 1.5"" Grade 5 Zinc Yellow Hex Head",fastener,Hex Bolt,3/8,3/8-24,1.5,Steel,Zinc Yellow,Grade 5,Ea,1,en
HB-38-24-2-Grade 5-Zinc,"Hex Bolt 3/8-24 x 2"" Grade 5 Zinc Hex Head",fastener,Hex Bolt,3/8,3/8-24,2,Steel,Zinc,Grade 5,Ea,1,en
HB-38-24-2-Grade 5-Zinc Yellow,"Hex Bolt 3/8-24 x 2"" Grade 5 Zinc Yellow Hex Head",fastener,Hex Bolt,3/8,3/8-24,2,Steel,Zinc Yellow,Grade 5,Ea,1,en
HB-38-24-2-Grade 8-Zinc,"Hex Bolt 3/8-24 x 2"" Grade 8 Zinc Hex Head",fastener,Hex Bolt,3/8,3/8-24,2,Steel,Zinc,Grade 8,Ea,1,en
HB-38-24-3-Grade 5-Zinc,"Hex Bolt 3/8-24 x 3"" Grade 5 Zinc Hex Head",fastener,Hex Bolt,3/8,3/8-24,3,Steel,Zinc,Grade 5,Ea,1,en
HB-38-24-3-Grade 5-Zinc Yellow,"Hex Bolt 3/8-24 x 3"" Grade 5 Zinc Yellow Hex Head",fastener,Hex Bolt,3/8,3/8-24,3,Steel,Zinc Yellow,Grade 5,Ea,1,en
HB-38-24-4-Grade 8-Zinc,"Hex Bolt 3/8-24 x 4"" Grade 8 Zinc Hex Head",fastener,Hex Bolt,3/8,3/8-24,4,Steel,Zinc,Grade 8,Ea,1,en
HB-38-24-4-Grade 8-Zinc Yellow,"Hex Bolt 3/8-24 x 4"" Grade 8 Zinc Yellow Hex Head",fastener,Hex Bolt,3/8,3/8-24,4,Steel,Zinc Yellow,Grade 8,Ea,1,en
HB-516-18-05-Grade 8-Plain,"Hex Bolt 5/16-18 x 0.5"" Grade 8 Plain Hex Head",fastener,Hex Bolt,5/16,5/16-18,0.5,Steel,Plain,Grade 8,Ea,1,en
HB-516-18-1-Grade 8-Zinc,"Hex Bolt 5/16-18 x 1"" Grade 8 Zinc Hex Head",fastener,Hex Bolt,5/16,5/16-18,1,Steel,Zinc,Grade 8,Ea,1,en
HB-516-18-125-Grade 8-Zinc,"Hex Bolt 5/16-18 x 1.25"" Grade 8 Zinc Hex Head",fastener,Hex Bolt,5/16,5/16-18,1.25,Steel,Zinc,Grade 8,Ea,1,en
HB-516-18-15-Grade 8-Plain,"Hex Bolt 5/16-18 x 1.5"" Grade 8 Plain Hex Head",fastener,Hex Bolt,5/16,5/16-18,1.5,Steel,Plain,Grade 8,Ea,1,en
HB-516-18-2-Grade 8-Plain,"Hex Bolt 5/16-18 x 2"" Grade 8 Plain Hex Head",fastener,Hex Bolt,5/16,5/16-18,2,Steel,Plain,Grade 8,Ea,1,en
HB-516-18-2-Grade 8-Zinc Yellow,"Hex Bolt 5/16-18 x 2"" Grade 8 Zinc Yellow Hex Head",fastener,Hex Bolt,5/16,5/16-18,2,Steel,Zinc Yellow,Grade 8,Ea,1,en
HB-516-18-25-Grade 5-Zinc,"Hex Bolt 5/16-18 x 2.5"" Grade 5 Zinc Hex Head",fastener,Hex Bolt,5/16,5/16-18,2.5,Steel,Zinc,Grade 5,Ea,1,en
HB-516-18-35-Grade 8-Zinc,"Hex Bolt 5/16-18 x 3.5"" Grade 8 Zinc Hex Head",fastener,Hex Bolt,5/16,5/16-18,3.5,Steel,Zinc,Grade 8,Ea,1,en
HB-58-11-05-Grade 8-Plain,"Hex Bolt 5/8-11 x 0.5"" Grade 8 Plain Hex Head",fastener,Hex Bolt,5/8,5/8-11,0.5,Steel,Plain,Grade 8,Ea,1,en
HB-58-11-15-Grade 8-Zinc,"Hex Bolt 5/8-11 x 1.5"" Grade 8 Zinc Hex Head",fastener,Hex Bolt,5/8,5/8-11,1.5,Steel,Zinc,Grade 8,Ea,1,en
HB-58-11-2-Grade 8-Zinc Yellow,"Hex Bolt 5/8-11 x 2"" Grade 8 Zinc Yellow Hex Head",fastener,Hex Bolt,5/8,5/8-11,2,Steel,Zinc Yellow,Grade 8,Ea,1,en
HB-716-14-15-Grade 5-Plain,"Hex Bolt 7/16-14 x 1.5"" Grade 5 Plain Hex Head",fastener,Hex Bolt,7/16,7/16-14,1.5,Steel,Plain,Grade 5,Ea,1,en
HB-716-14-25-Grade 5-Plain,"Hex Bolt 7/16-14 x 2.5"" Grade 5 Plain Hex Head",fastener,Hex Bolt,7/16,7/16-14,2.5,Steel,Plain,Grade 5,Ea,1,en
HB-716-14-25-Grade 8-Zinc Yellow,"Hex Bolt 7/16-14 x 2.5"" Grade 8 Zinc Yellow Hex Head",fastener,Hex Bolt,7/16,7/16-14,2.5,Steel,Zinc Yellow,Grade 8,Ea,1,en
HB-716-14-4-Grade 5-Plain,"Hex Bolt 7/16-14 x 4"" Grade 5 Plain Hex Head",fastener,Hex Bolt,7/16,7/16-14,4,Steel,Plain,Grade 5,Ea,1,en
HB-716-14-4-Grade 5-Zinc Yellow,"Hex Bolt 7/16-14 x 4"" Grade 5 Zinc Yellow Hex Head",fastener,Hex Bolt,7/16,7/16-14,4,Steel,Zinc Yellow,Grade 5,Ea,1,en
HBM-M10-16-109,Hex Bolt M10x16 10.9 ISO 4762 Zinc Plated,fastener,Hex Bolt,M10,M10-1.5,16,Steel,Zinc,10.9,Ea,1,en
HBM-M10-16-88,Hex Bolt M10x16 8.8 ISO 4762 Zinc Plated,fastener,Hex Bolt,M10,M10-1.5,16,Steel,Zinc,8.8,Ea,1,en
HBM-M10-20-88,Hex Bolt M10x20 8.8 ISO 4762 Zinc Plated,fastener,Hex Bolt,M10,M10-1.5,20,Steel,Zinc,8.8,Ea,1,en
HBM-M10-50-109,Hex Bolt M10x50 10.9 ISO 4762 Zinc Plated,fastener,Hex Bolt,M10,M10-1.5,50,Steel,Zinc,10.9,Ea,1,en
HBM-M10-50-A270,Hex Bolt M10x50 A2-70 ISO 4762 Zinc Plated,fastener,Hex Bolt,M10,M10-1.5,50,Steel,Zinc,A2-70,Ea,1,en
HBM-M12-16-109,Hex Bolt M12x16 10.9 ISO 4762 Zinc Plated,fastener,Hex Bolt,M12,M12-1.75,16,Steel,Zinc,10.9,Ea,1,en
HBM-M12-35-A270,Hex Bolt M12x35 A2-70 ISO 4762 Zinc Plated,fastener,Hex Bolt,M12,M12-1.75,35,Steel,Zinc,A2-70,Ea,1,en
HBM-M12-80-109,Hex Bolt M12x80 10.9 ISO 4762 Zinc Plated,fastener,Hex Bolt,M12,M12-1.75,80,Steel,Zinc,10.9,Ea,1,en
HBM-M6-16-A270,Hex Bolt M6x16 A2-70 ISO 4762 Zinc Plated,fastener,Hex Bolt,M6,M6-1.0,16,Steel,Zinc,A2-70,Ea,1,en
HBM-M6-40-A270,Hex Bolt M6x40 A2-70 ISO 4762 Zinc Plated,fastener,Hex Bolt,M6,M6-1.0,40,Steel,Zinc,A2-70,Ea,1,en
HBM-M6-80-88,Hex Bolt M6x80 8.8 ISO 4762 Zinc Plated,fastener,Hex Bolt,M6,M6-1.0,80,Steel,Zinc,8.8,Ea,1,en
HBM-M8-20-A270,Hex Bolt M8x20 A2-70 ISO 4762 Zinc Plated,fastener,Hex Bolt,M8,M8-1.25,20,Steel,Zinc,A2-70,Ea,1,en
HN-716-14-Grade 8,Hex Nut 7/16-14 ASME B18.2.2 Grade 8,fastener,Hex Nut,7/16,7/16-14,,Steel,Zinc,Grade 8,Ea,1,en
SHCS-M10-16-A270,Setzkopfschraube M10x16 A2-70 DIN 912,fastener,Socket Head Cap Screw,M10,M10-1.5,16,Steel,Zinc,A2-70,Ea,1,de
SHCS-M12-50-88,Setzkopfschraube M12x50 8.8 DIN 912,fastener,Socket Head Cap Screw,M12,M12-1.75,50,Steel,Zinc,8.8,Ea,1,de
SHCS-M6-16-109,Setzkopfschraube M6x16 10.9 DIN 912,fastener,Socket Head Cap Screw,M6,M6-1.0,16,Steel,Zinc,10.9,Ea,1,de
SHCS-M6-40-109,Setzkopfschraube M6x40 10.9 DIN 912,fastener,Socket Head Cap Screw,M6,M6-1.0,40,Steel,Zinc,10.9,Ea,1,de
SHCS-M6-60-A270,Setzkopfschraube M6x60 A2-70 DIN 912,fastener,Socket Head Cap Screw,M6,M6-1.0,60,Steel,Zinc,A2-70,Ea,1,de
SHCS-M8-30-88,Setzkopfschraube M8x30 8.8 DIN 912,fastener,Socket Head Cap Screw,M8,M8-1.25,30,Steel,Zinc,8.8,Ea,1,de
SHCS-M8-50-88,Setzkopfschraube M8x50 8.8 DIN 912,fastener,Socket Head Cap Screw,M8,M8-1.25,50,Steel,Zinc,8.8,Ea,1,de
SHCS-M8-80-109,Setzkopfschraube M8x80 10.9 DIN 912,fastener,Socket Head Cap Screw,M8,M8-1.25,80,Steel,Zinc,10.9,Ea,1,de
